"id","email","roles","password","nom","km"
"1","user0@gmail.com","[]","$2y$13$VskvBslhc4ghbzozD2kCcenJi39hjExHxBig8Cq/YaCuqgARPK5Cq","Nader","0"
"2","user1@gmail.com","[]","$2y$13$MVL3ybAEp8/QsRAZov6lkuer1JDQ3U9TJ3k/7FnEOxTqWIBgjXbf2","Considine","11"
"3","user2@gmail.com","[]","$2y$13$jIgIDhpyjMaaFZuX7algBeHZthMti7jDphOSkrsCeAuxO8/bDqHem","Koss","12"
"4","user3@gmail.com","[]","$2y$13$yaR3Dz9X92pCxW6/OMtBuum8EeTYKhNzyOMaA0qa9MsuS6sdEqNjy","Lang","13"
"5","user4@gmail.com","[]","$2y$13$T/jpw4oZPFcaFesR03FD8eNE6bGR/38ZDE7HOS9u4K9FFd/tFtcRa","Conroy","14"
"6","user5@gmail.com","[]","$2y$13$TGOJ0lrekEFsEwFLPSHXxu6NAIs07Ie5C8S9aVJAw8Dg0t8sBAr2S","Miller","15"
"7","user6@gmail.com","[]","$2y$13$7L3I2EFPWTDul.tKBfutUuBT1xrv.ftA7sh2.C2GEGlNzASH2b2SK","Skiles","16"
"8","user7@gmail.com","[]","$2y$13$S.BMPWGvrOYJCc3PqKzG5Om1oEZoQVDsiYjf8n7.AqzfCIVFdKIdS","Auer","17"
"9","user8@gmail.com","[]","$2y$13$mUbB8Te6TslmqSqMKJYoAOctFQ3u6GowjyUGgNnJ.q594zgCsshD2","O'Conner","18"
"10","user9@gmail.com","[]","$2y$13$J6zjXPZoYn4UAGrVqdL5O.A3q8qCakktu.eki94NRe51ytNOq4462","Dare","19"
